[
  {
    "id": "singapore",
    "name": "Singapore",
    "country": "Singapore",
    "coordinates": [103.85, 1.26],
    "teu": 39000,
    "type": "asean"
  },
  {
    "id": "port-klang",
    "name": "Port Klang",
    "country": "Malaysia",
    "coordinates": [101.39, 2.99],
    "teu": 14200,
    "type": "asean"
  },
  {
    "id": "tanjung-pelepas",
    "name": "Tanjung Pelepas",
    "country": "Malaysia",
    "coordinates": [103.55, 1.36],
    "teu": 11000,
    "type": "asean"
  },
  {
    "id": "laem-chabang",
    "name": "Laem Chabang",
    "country": "Thailand",
    "coordinates": [100.88, 13.08],
    "teu": 9800,
    "type": "asean"
  },
  {
    "id": "ho-chi-minh",
    "name": "Ho Chi Minh / Cat Lai",
    "country": "Vietnam",
    "coordinates": [106.75, 10.75],
    "teu": 8500,
    "type": "asean"
  },
  {
    "id": "hai-phong",
    "name": "Hai Phong",
    "country": "Vietnam",
    "coordinates": [106.68, 20.85],
    "teu": 7200,
    "type": "asean"
  },
  {
    "id": "manila",
    "name": "Manila",
    "country": "Philippines",
    "coordinates": [120.97, 14.55],
    "teu": 5800,
    "type": "asean"
  },
  {
    "id": "jakarta",
    "name": "Jakarta / Tanjung Priok",
    "country": "Indonesia",
    "coordinates": [106.88, -6.1],
    "teu": 7500,
    "type": "asean"
  },
  {
    "id": "surabaya",
    "name": "Surabaya / Tanjung Perak",
    "country": "Indonesia",
    "coordinates": [112.73, -7.2],
    "teu": 4200,
    "type": "asean"
  },
  {
    "id": "penang",
    "name": "Penang",
    "country": "Malaysia",
    "coordinates": [100.35, 5.41],
    "teu": 1800,
    "type": "asean"
  },
  {
    "id": "bangkok",
    "name": "Bangkok",
    "country": "Thailand",
    "coordinates": [100.58, 13.7],
    "teu": 1600,
    "type": "asean"
  },
  {
    "id": "davao",
    "name": "Davao",
    "country": "Philippines",
    "coordinates": [125.63, 7.07],
    "teu": 800,
    "type": "asean"
  },
  {
    "id": "shanghai",
    "name": "Shanghai",
    "country": "China",
    "coordinates": [121.84, 30.87],
    "teu": 49000,
    "type": "partner"
  },
  {
    "id": "shenzhen",
    "name": "Shenzhen",
    "country": "China",
    "coordinates": [113.88, 22.48],
    "teu": 30400,
    "type": "partner"
  },
  {
    "id": "hong-kong",
    "name": "Hong Kong",
    "country": "China",
    "coordinates": [114.17, 22.28],
    "teu": 14700,
    "type": "partner"
  },
  {
    "id": "busan",
    "name": "Busan",
    "country": "South Korea",
    "coordinates": [129.04, 35.1],
    "teu": 22700,
    "type": "partner"
  },
  {
    "id": "mumbai",
    "name": "Mumbai / JNPT",
    "country": "India",
    "coordinates": [72.85, 18.95],
    "teu": 6200,
    "type": "partner"
  },
  {
    "id": "chennai",
    "name": "Chennai",
    "country": "India",
    "coordinates": [80.3, 13.1],
    "teu": 1800,
    "type": "partner"
  },
  {
    "id": "qingdao",
    "name": "Qingdao",
    "country": "China",
    "coordinates": [120.38, 36.07],
    "teu": 27000,
    "type": "partner"
  },
  {
    "id": "tokyo",
    "name": "Tokyo",
    "country": "Japan",
    "coordinates": [139.77, 35.65],
    "teu": 4500,
    "type": "partner"
  }
]
